X,amp,phase,task_id,y
-2.176658603784399,1.2128519464014549,0.5351772857159808,0,-0.5053343959591878
1.8568077299799732,1.2128519464014549,0.5351772857159808,0,1.1753971966655976
4.725532225052154,1.2128519464014549,0.5351772857159808,0,-1.0513082060498633
1.4627336774611024,1.2128519464014549,0.5351772857159808,0,0.970471583076613
-0.0026788203031653524,1.2128519464014549,0.5351772857159808,0,-0.6213391704439762
-3.4026575318347083,1.2128519464014549,0.5351772857159808,0,0.8668652161805451
-0.772239648635562,1.2128519464014549,0.5351772857159808,0,-1.1710275784282753
-1.0673294889713336,1.2128519464014549,0.5351772857159808,0,-1.21224220434122
2.620436572976649,1.2128519464014549,0.5351772857159808,0,1.0558568822486991
3.8628786959775887,1.2128519464014549,0.5351772857159808,0,-0.22442158489885297
3.7722625710055,0.4354564107036143,0.5720657297233309,1,-0.025504964115421025
3.7914214584988493,0.4354564107036143,0.5720657297233309,1,-0.033828311696672206
-0.5613613046778649,0.4354564107036143,0.5720657297233309,1,-0.39446648655996763
-0.9810538756389908,0.4354564107036143,0.5720657297233309,1,-0.4353883797090377
-3.6416884580423323,0.4354564107036143,0.5720657297233309,1,0.38243360916175
-2.194541604268184,0.4354564107036143,0.5720657297233309,1,-0.15948977240510842
-0.9994553896719847,0.4354564107036143,0.5720657297233309,1,-0.43545629632569927
-3.814339851049373,0.4354564107036143,0.5720657297233309,1,0.4125236475546139
-1.3425466496685812,0.4354564107036143,0.5720657297233309,1,-0.40997141136858783
-3.8346885638164574,0.4354564107036143,0.5720657297233309,1,0.4152756921084211
-1.2147138453215134,1.0237595156910189,0.19408589117367409,2,-1.010355660316416
1.993949663806406,1.0237595156910189,0.19408589117367409,2,0.9970174562210005
-3.519758347700738,1.0237595156910189,0.19408589117367409,2,0.5543926935212825
-3.1629085771247247,1.0237595156910189,0.19408589117367409,2,0.21881833283153576
3.0077294631756857,1.0237595156910189,0.19408589117367409,2,0.32975508231156003
3.9164441107691648,1.0237595156910189,0.19408589117367409,2,-0.5617001378297678
0.7018399125050916,1.0237595156910189,0.19408589117367409,2,0.49776810485618866
1.3968586672367467,1.0237595156910189,0.19408589117367409,2,0.9552088228896094
2.438038395925016,1.0237595156910189,0.19408589117367409,2,0.8004343860608819
4.066640974728706,1.0237595156910189,0.19408589117367409,2,-0.683448036238035
-4.977855772894113,3.5996223714695303,1.3053220820582776,3,2.6825203730242066e-05
-0.7382584393678249,3.5996223714695303,1.3053220820582776,3,-3.2047578742172957
-3.8991832765844303,3.5996223714695303,1.3053220820582776,3,3.172472682222466
-4.584555316154001,3.5996223714695303,1.3053220820582776,3,1.3795403154832628
1.4504319163359023,3.5996223714695303,1.3053220820582776,3,0.520509392313631
-2.252305439770036,3.5996223714695303,1.3053220820582776,3,1.4547396473146526
3.212701108559198,3.5996223714695303,1.3053220820582776,3,3.3976431835580456
2.484194857313529,3.5996223714695303,1.3053220820582776,3,3.3266847386539293
3.1689136194353917,3.5996223714695303,1.3053220820582776,3,3.4464254540415467
-3.1179126144690636,3.5996223714695303,1.3053220820582776,3,3.450185370540805
-1.1102838462664675,1.67638240530938,0.7107172972627502,4,-1.6241827555342854
-4.616249140990525,1.67638240530938,0.7107172972627502,4,1.3696331973301956
-1.09529858862069,1.67638240530938,0.7107172972627502,4,-1.6302201900745272
4.24747502093593,1.67638240530938,0.7107172972627502,4,-0.6453410804950585
-1.1162154408125313,1.67638240530938,0.7107172972627502,4,-1.6216921331903675
2.6765444570279175,1.67638240530938,0.7107172972627502,4,1.5472753100163494
4.043592646917654,1.67638240530938,0.7107172972627502,4,-0.31871106061112275
3.3145537880661102,1.67638240530938,0.7107172972627502,4,0.8586600670595842
1.1243603213599016,1.67638240530938,0.7107172972627502,4,0.6738181673991205
-1.6690703304239585,1.67638240530938,0.7107172972627502,4,-1.1570871978293036
2.5578881159035074,3.3654256632826534,1.2909955018484331,5,3.2112070074165278
2.362926272300321,3.3654256632826534,1.2909955018484331,5,2.9552673665148395
1.4176146082102647,3.3654256632826534,1.2909955018484331,5,0.4249894622953114
-1.2900631919034322,3.3654256632826534,1.2909955018484331,5,-1.7891899267974736
-2.845749228619292,3.3654256632826534,1.2909955018484331,5,2.8230595958575204
-4.750229070257844,3.3654256632826534,1.2909955018484331,5,0.8063785531611198
-1.897420205504532,3.3654256632826534,1.2909955018484331,5,0.1575219335705749
2.2602481043665845,3.3654256632826534,1.2909955018484331,5,2.7746688697700645
-0.513463341690402,3.3654256632826534,1.2909955018484331,5,-3.2739698674716076
3.3075914817084815,3.3654256632826534,1.2909955018484331,5,3.036509689586723
4.812311058017942,1.1878162591220076,0.6902296623640264,6,-0.9868015335093717
-1.6008927819618615,1.1878162591220076,0.6902296623640264,6,-0.892751596964775
2.8971853493059534,1.1878162591220076,0.6902296623640264,6,0.9554597395313351
3.666022573034031,1.1878162591220076,0.6902296623640264,6,0.19603857264882193
-1.4271013356908693,1.1878162591220076,0.6902296623640264,6,-1.0147878756303474
0.019266171529692677,1.1878162591220076,0.6902296623640264,6,-0.7385139543468386
1.4042571705187887,1.1878162591220076,0.6902296623640264,6,0.77788041957069
1.9662026616857187,1.1878162591220076,0.6902296623640264,6,1.136566136740221
1.0564054288725906,1.1878162591220076,0.6902296623640264,6,0.42529447447151814
1.1584455814903745,1.1878162591220076,0.6902296623640264,6,0.536055462089768
4.03192821381684,4.776751485348642,0.3679107545434475,7,-2.3835176331412624
0.595947190203888,4.776751485348642,0.3679107545434475,7,1.0798574167809973
-3.980757030283092,4.776751485348642,0.3679107545434475,7,4.464253850377514
-3.735982643972923,4.776751485348642,0.3679107545434475,7,3.9193672127202106
0.3028683537137864,4.776751485348642,0.3679107545434475,7,-0.3104723670694541
-2.1786345260589712,4.776751485348642,0.3679107545434475,7,-2.677598423483957
0.8473253376930412,4.776751485348642,0.3679107545434475,7,2.2033236003834102
-2.0096246879918844,4.776751485348642,0.3679107545434475,7,-3.3048269441139038
-2.4341052504733995,4.776751485348642,0.3679107545434475,7,-1.5910783395407837
1.198713577635412,4.776751485348642,0.3679107545434475,7,3.5275017086811937
3.6950521454526317,1.6789381464929827,1.5562440706090024,8,1.4152982415259754
3.0026584003810495,1.6789381464929827,1.5562440706090024,8,1.665967555353163
-4.4238574123213334,1.6789381464929827,1.5562440706090024,8,0.5011040835515261
-2.340304854419888,1.6789381464929827,1.5562440706090024,8,1.150503818156667
-0.6244116812913871,1.6789381464929827,1.5562440706090024,8,-1.376273516463709
3.6450877343176096,1.6789381464929827,1.5562440706090024,8,1.4586409183776612
4.586312711877984,1.6789381464929827,1.5562440706090024,8,0.18685401966013704
0.477452087617781,1.6789381464929827,1.5562440706090024,8,-1.4797955838610528
-4.266738431674099,1.6789381464929827,1.5562440706090024,8,0.7456664995944129
0.6089972532989414,1.6789381464929827,1.5562440706090024,8,-1.3629803618751817
2.938507777882724,3.1596555329528395,0.21651018772649286,9,1.2872142051978095
0.8607574938955871,3.1596555329528395,0.21651018772649286,9,1.8976789731315735
-4.912548620560044,3.1596555329528395,0.21651018772649286,9,2.8893210524624156
4.153897659490196,3.1596555329528395,0.21651018772649286,9,-2.257321037757681
-3.794574450925058,3.1596555329528395,0.21651018772649286,9,2.413980798522782
0.7776122466788742,3.1596555329528395,0.21651018772649286,9,1.6813146390913514
-4.822019231455055,3.1596555329528395,0.21651018772649286,9,2.9930973188266052
1.0536932437573672,3.1596555329528395,0.21651018772649286,9,2.3468656256159255
2.4903303745451666,3.1596555329528395,0.21651018772649286,9,2.4104717245755474
-1.8930003857491973,3.1596555329528395,0.21651018772649286,9,-2.7121504368628275
0.8922097887140872,0.9623839846946634,0.19809927448616324,10,0.6156389727208809
0.6828073426573225,0.9623839846946634,0.19809927448616324,10,0.448422889664812
-1.498864726599649,0.9623839846946634,0.19809927448616324,10,-0.95473439029532
-0.5996273359095738,0.9623839846946634,0.19809927448616324,10,-0.688845924175589
-4.595119975733404,0.9623839846946634,0.19809927448616324,10,0.9592418125129036
3.8167484862071355,0.9623839846946634,0.19809927448616324,10,-0.4418943520666533
3.2743972329254376,0.9623839846946634,0.19809927448616324,10,0.06279392745238252
3.996921600362178,0.9623839846946634,0.19809927448616324,10,-0.5879453642161891
2.096466880353864,0.9623839846946634,0.19809927448616324,10,0.9112107201656937
-1.2711806159200623,0.9623839846946634,0.19809927448616324,10,-0.9574292761143718
-3.572182349939367,4.555005452628347,1.5242448126072168,11,4.223215318073019
4.1331325720766845,4.555005452628347,1.5242448126072168,11,2.3133291686892967
-4.431017402945743,4.555005452628347,1.5242448126072168,11,1.4670647124383294
-4.8077043775194115,4.555005452628347,1.5242448126072168,11,-0.22203173281826938
-4.4791835765875065,4.555005452628347,1.5242448126072168,11,1.2577373299624626
4.583596794583224,4.555005452628347,1.5242448126072168,11,0.37418457324623655
4.375385440807742,4.555005452628347,1.5242448126072168,11,1.3044868145736395
3.2806933365433704,4.555005452628347,1.5242448126072168,11,4.476732567728917
1.7420421991905775,4.555005452628347,1.5242448126072168,11,0.9842436224342116
3.0049109807729693,4.555005452628347,1.5242448126072168,11,4.536516804413304
-2.771099985953367,1.6811926033084892,0.20573691941248493,12,-0.27573473851390834
-1.8735212026671286,1.6811926033084892,0.20573691941248493,12,-1.4685123098597714
0.3887515339810035,1.6811926033084892,0.20573691941248493,12,0.3059680845757744
-2.574037118638585,1.6811926033084892,0.20573691941248493,12,-0.5951013055484087
1.3109788357899053,1.6811926033084892,0.20573691941248493,12,1.5022680121047092
-2.3811680477543073,1.6811926033084892,0.20573691941248493,12,-0.8854468873576321
-1.3986448865991963,1.6811926033084892,0.20573691941248493,12,-1.6802445129058643
3.1925522317239263,1.6811926033084892,0.20573691941248493,12,0.25917283006980824
2.634458843353789,1.6811926033084892,0.20573691941248493,12,1.0995136374598593
4.329912313688128,1.6811926033084892,0.20573691941248493,12,-1.3986400158417382
3.3551373757624283,2.4268322831991425,1.1457524645110988,13,1.9485954948313156
2.178926111054156,2.4268322831991425,1.1457524645110988,13,2.0844754664548746
2.675854955599876,2.4268322831991425,1.1457524645110988,13,2.4248231575890546
1.5447605944215992,2.4268322831991425,1.1457524645110988,13,0.9428354521867743
-0.4766933326005285,2.4268322831991425,1.1457524645110988,13,-2.423596011587045
3.4265290832541098,2.4268322831991425,1.1457524645110988,13,1.8404482586384239
0.6554012526752278,2.4268322831991425,1.1457524645110988,13,-1.1428820689923538
1.8481434088501913,2.4268322831991425,1.1457524645110988,13,1.5678417441685573
-0.18207560368188425,2.4268322831991425,1.1457524645110988,13,-2.3555516905975833
4.237441054956392,2.4268322831991425,1.1457524645110988,13,0.12105852922536028
2.0794978545425717,1.3233839891396284,0.8362334586153805,14,1.2530318666433338
0.5078866764463443,1.3233839891396284,0.8362334586153805,14,-0.4267629793039995
-4.301716617246174,1.3233839891396284,0.8362334586153805,14,1.2053477162663446
-1.3954232924705345,1.3233839891396284,0.8362334586153805,14,-1.044764544973752
-1.7206899357101744,1.3233839891396284,0.8362334586153805,14,-0.7304068681518372
1.927040540947326,1.3233839891396284,0.8362334586153805,14,1.1738414520151526
4.25415301038027,1.3233839891396284,0.8362334586153805,14,-0.36105056642080385
0.8036602752243436,1.3233839891396284,0.8362334586153805,14,-0.04309920696686573
2.2983052676285993,1.3233839891396284,0.8362334586153805,14,1.3155698165071261
3.642701642469312,1.3233839891396284,0.8362334586153805,14,0.4352434166150796
-1.7939777717854577,0.9389396750509693,1.468848301103802,15,0.11355223317167996
-2.7361689037486334,0.9389396750509693,1.468848301103802,15,0.8206563093922727
2.6957032467425757,0.9389396750509693,1.468848301103802,15,0.883948744958969
-1.9771491609215532,0.9389396750509693,1.468848301103802,15,0.2814240700494973
1.5819163570264747,0.9389396750509693,1.468848301103802,15,0.10593802114732011
-1.415848693299968,0.9389396750509693,1.468848301103802,15,-0.2385651486430099
0.7860490679724483,0.9389396750509693,1.468848301103802,15,-0.5924401048496697
1.39772796701818,0.9389396750509693,1.468848301103802,15,-0.06672142287310066
-3.0528962371013915,0.9389396750509693,1.468848301103802,15,0.9219282688938725
3.669657252493346,0.9389396750509693,1.468848301103802,15,0.7586821024618575
0.889744445982064,3.210827118912626,0.2831958477027738,16,1.8302842191156592
-4.994694313861725,3.210827118912626,0.2831958477027738,16,2.7109660476080637
-2.930461761638944,3.210827118912626,0.2831958477027738,16,0.23118788603826687
3.9318741341484937,3.210827118912626,0.2831958477027738,16,-1.5592793659923296
4.50957360460416,3.210827118912626,0.2831958477027738,16,-2.8390231509117685
2.6028925282924984,3.210827118912626,0.2831958477027738,16,2.3517317541869662
-4.895630222503078,3.210827118912626,0.2831958477027738,16,2.8678344259743804
0.6507332616167414,3.210827118912626,0.2831958477027738,16,1.1537092677303462
0.3002306258713636,3.210827118912626,0.2831958477027738,16,0.054693082445608325
-4.608309971595411,3.210827118912626,0.2831958477027738,16,3.159458447705072
-4.525846763161979,0.5207615951190957,1.5541675549186496,17,0.10507724743986499
2.794384884162584,0.5207615951190957,1.5541675549186496,17,0.4925647319389844
1.777517932319137,0.5207615951190957,1.5541675549186496,17,0.1153476606005268
-0.9137120136731411,0.5207615951190957,1.5541675549186496,17,-0.3248990431241123
1.5729163773654689,0.5207615951190957,1.5541675549186496,17,0.009763094676074691
-1.923658182870648,0.5207615951190957,1.5541675549186496,17,0.17181667338342588
0.19836511066057483,0.5207615951190957,1.5541675549186496,17,-0.5087724651007594
-1.1829008023680467,0.5207615951190957,1.5541675549186496,17,-0.2049621273523347
-4.822644991806698,0.5207615951190957,1.5541675549186496,17,-0.04868626667649555
2.4391311560506335,0.5207615951190957,1.5541675549186496,17,0.40301319883100384
-2.8163052921704326,2.6274283715154985,1.468800203165044,18,2.3912089776798062
-2.1970084843957984,2.6274283715154985,1.468800203165044,18,1.315118457272269
0.8902664157401299,2.6274283715154985,1.468800203165044,18,-1.4366697308452463
-4.402047251380705,2.6274283715154985,1.468800203165044,18,1.052948041930588
0.5250181228304083,2.6274283715154985,1.468800203165044,18,-2.1276466846634285
2.275847648775451,2.6274283715154985,1.468800203165044,18,1.8976555136130244
-0.6308531661747008,2.6274283715154985,1.468800203165044,18,-2.2684804314193716
-3.2513420207062307,2.6274283715154985,1.468800203165044,18,2.62734940089327
-3.589667922455736,2.6274283715154985,1.468800203165044,18,2.4716479893419008
-2.081874299341333,2.6274283715154985,1.468800203165044,18,1.0451045759119275
0.714554441546853,3.740210499251061,0.5611124739095517,19,0.5716558619802788
4.68952780344379,3.740210499251061,0.5611124739095517,19,-3.120376816170693
3.2589812917733063,3.740210499251061,0.5611124739095517,19,1.6056935017930027
0.26498310044876927,3.740210499251061,0.5611124739095517,19,-1.09146916826876
-0.7371663694327495,3.740210499251061,0.5611124739095517,19,-3.602183083958362
3.1828879671372032,3.740210499251061,0.5611124739095517,19,1.8578428116468344
1.7583451844106097,3.740210499251061,0.5611124739095517,19,3.4822585404294513
3.697267974755995,3.740210499251061,0.5611124739095517,19,0.020335995578777646
0.029889435836021327,3.740210499251061,0.5611124739095517,19,-1.8947465371455432
-4.973895727507544,3.740210499251061,0.5611124739095517,19,2.544479553140371
-3.72543252399252,0.16965901381269508,0.4319970561532645,20,0.14419690006259014
-1.7114992385053442,0.16965901381269508,0.4319970561532645,20,-0.14258837750039272
0.8093695387131961,0.16965901381269508,0.4319970561532645,20,0.06251580229546584
-3.6967099471094045,0.16965901381269508,0.4319970561532645,20,0.14157012716764053
-4.33776314274057,0.16965901381269508,0.4319970561532645,20,0.16937987773900262
2.1963262618800403,0.16965901381269508,0.4319970561532645,20,0.1664916314604674
-4.231400121581289,0.16965901381269508,0.4319970561532645,20,0.16945544702945384
2.972099749724939,0.16965901381269508,0.4319970561532645,20,0.09600521136736757
-2.5801284088137697,0.16965901381269508,0.4319970561532645,20,-0.021903964196071563
-3.0170136229376796,0.16965901381269508,0.4319970561532645,20,0.051338600642418415
-0.24886558957141425,0.4108880015743369,0.5879979960595153,21,-0.3051032505822688
-3.7009067375130043,0.4108880015743369,0.5879979960595153,21,0.3745912495846838
1.9569413374798952,0.4108880015743369,0.5879979960595153,21,0.40254564556300537
0.05246250822064802,0.4108880015743369,0.5879979960595153,21,-0.20967681682676556
-0.09910665110969585,0.4108880015743369,0.5879979960595153,21,-0.2606268707768429
0.06184515753705,0.4108880015743369,0.5879979960595153,21,-0.2063521660591918
1.0090766956999815,0.4108880015743369,0.5879979960595153,21,0.16794848373155724
-4.807123393217444,0.4108880015743369,0.5879979960595153,21,0.31878815393065896
-3.3118797369188533,0.4108880015743369,0.5879979960595153,21,0.2825583911603891
-1.100411871646001,0.4108880015743369,0.5879979960595153,21,-0.4080493804816429
0.2644205249359999,4.916703994366513,0.406232992502915,22,-0.6949152350890581
1.3945157912711057,4.916703994366513,0.406232992502915,22,4.105853638071187
1.0317286406202344,4.916703994366513,0.406232992502915,22,2.87872602620938
-2.4623967077916786,4.916703994366513,0.406232992502915,22,-1.3254739230409325
1.0056197067035626,4.916703994366513,0.406232992502915,22,2.773690710994093
-4.1724582893712565,4.916703994366513,0.406232992502915,22,4.872826187435508
2.6457202403816,4.916703994366513,0.406232992502915,22,3.857812697598899
-2.5996309337600145,4.916703994366513,0.406232992502915,22,-0.665290880317809
-3.625203729493313,4.916703994366513,0.406232992502915,22,3.820149167531031
-2.101538482449109,4.916703994366513,0.406232992502915,22,-2.911810101199103
-2.821211173452717,2.5182824003617723,1.4480432198144424,23,2.2750467316920973
3.113434816707418,2.5182824003617723,1.4480432198144424,23,2.5070236703388633
0.6537119695733367,2.5182824003617723,1.4480432198144424,23,-1.7965304005647058
2.8768693935309306,2.5182824003617723,1.4480432198144424,23,2.49294634726241
-1.7625608216610935,2.5182824003617723,1.4480432198144424,23,0.17365224836496554
-0.756726929758031,2.5182824003617723,1.4480432198144424,23,-2.028929708252727
2.0113085594938873,2.5182824003617723,1.4480432198144424,23,1.3446367286896175
1.7250759408466259,2.5182824003617723,1.4480432198144424,23,0.6887570775146772
3.72895220672061,2.5182824003617723,1.4480432198144424,23,1.9095844215497761
1.327439467763254,2.5182824003617723,1.4480432198144424,23,-0.3029785739712111
1.3818482183349907,2.8830846456477834,0.19521729832987733,24,2.6729410716196598
-4.169982721789659,2.8830846456477834,0.19521729832987733,24,2.7110593443651014
-0.593670927995599,2.8830846456477834,0.19521729832987733,24,-2.0457512855845508
4.5762881328708165,2.8830846456477834,0.19521729832987733,24,-2.7262863164118056
-3.571357063049815,2.8830846456477834,0.19521729832987733,24,1.68684219497787
2.2356449327710672,2.8830846456477834,0.19521729832987733,24,2.57094807263173
0.7287908383063888,2.8830846456477834,0.19521729832987733,24,1.4663754331566856
-0.20776355493764243,2.8830846456477834,0.19521729832987733,24,-1.1306366900831335
2.6515601473123995,2.8830846456477834,0.19521729832987733,24,1.8246075309599306
-1.1466057567539312,2.8830846456477834,0.19521729832987733,24,-2.8078360001173355
4.570981394823422,3.8228316390164756,0.13207867478876276,25,-3.6807566599835067
-2.9004471538200427,3.8228316390164756,0.13207867478876276,25,-0.41611796936087386
4.414363204844054,3.8228316390164756,0.13207867478876276,25,-3.4746565528309454
-2.8098753937183387,3.8228316390164756,0.13207867478876276,25,-0.7581252660942689
4.854033035353609,3.8228316390164756,0.13207867478876276,25,-3.822656752496251
-1.2297956587555614,3.8228316390164756,0.13207867478876276,25,-3.7397044233559855
-4.278447650162786,3.8228316390164756,0.13207867478876276,25,3.6499799357786458
-1.9312233757717614,3.8228316390164756,0.13207867478876276,25,-3.368491277184381
3.5405418765494954,3.8228316390164756,0.13207867478876276,25,-1.0081344556828504
4.870441650255735,3.8228316390164756,0.13207867478876276,25,-3.821542177849717
-0.043887051366064966,2.372753444224739,1.1594963140223513,26,-2.2143952570245746
-4.5350216622550015,2.372753444224739,1.1594963140223513,26,1.3174788483405664
-3.4334919465389904,2.372753444224739,1.1594963140223513,26,2.3558599112279643
-4.850368805247651,2.372753444224739,1.1594963140223513,26,0.6404770076528656
0.568481842607687,2.372753444224739,1.1594963140223513,26,-1.3221070031605011
-2.86756648049846,2.372753444224739,1.1594963140223513,26,1.8370157007781076
-1.8240435759977638,2.372753444224739,1.1594963140223513,26,-0.3734608116626817
-4.24156365417804,2.372753444224739,1.1594963140223513,26,1.8319822896782139
-4.380520561702083,2.372753444224739,1.1594963140223513,26,1.605462662360028
-1.0657899539698326,2.372753444224739,1.1594963140223513,26,-1.8824441892199022
-0.3681780706337099,4.604000312425966,0.7398224792922782,27,-4.119695470677921
-4.1224065685454105,4.604000312425966,0.7398224792922782,27,4.5524123292193
1.9036577670318433,4.604000312425966,0.7398224792922782,27,4.227982142005343
-1.9184631324166155,4.604000312425966,0.7398224792922782,27,-2.139524867439447
3.279325583814863,4.604000312425966,0.7398224792922782,27,2.6075484063778553
0.1011825380734086,4.604000312425966,0.7398224792922782,27,-2.744462965341399
3.089083957498831,4.604000312425966,0.7398224792922782,27,3.2780119781062727
-2.1855721721904695,4.604000312425966,0.7398224792922782,27,-0.9876395334222227
0.23227978711799224,4.604000312425966,0.7398224792922782,27,-2.237687673436823
-4.56767997796404,4.604000312425966,0.7398224792922782,27,3.8125030864176064
-4.598417008311641,2.758636673478178,0.9498081373635365,28,1.8498247916866182
-1.100133844932202,2.758636673478178,0.9498081373635365,28,-2.4479841632332313
-2.6163735647698925,2.758636673478178,0.9498081373635365,28,1.1364103203210845
-0.6572233949538298,2.758636673478178,0.9498081373635365,28,-2.7568258402775814
2.5880259033401547,2.758636673478178,0.9498081373635365,28,2.7523691491487283
-4.299495707473407,2.758636673478178,0.9498081373635365,28,2.370471048443094
-1.7795940289567924,2.758636673478178,0.9498081373635365,28,-1.1051576076849559
3.6456641311010554,2.758636673478178,0.9498081373635365,28,1.1893108371469796
0.7144999925973607,2.758636673478178,0.9498081373635365,28,-0.6431558634967617
-0.33576976948002546,2.758636673478178,0.9498081373635365,28,-2.6471883570307906
3.595202402672756,2.4421819021559976,0.6480960760012986,29,0.4719823548264718
-0.7783224113742602,2.4421819021559976,0.6480960760012986,29,-2.4167724937123873
0.6187882471425743,2.4421819021559976,0.6480960760012986,29,-0.07156480311948818
-0.5416047670103481,2.4421819021559976,0.6480960760012986,29,-2.2669742557544117
4.013219988398371,2.4421819021559976,0.6480960760012986,29,-0.5413692121115947
2.3621773989814976,2.4421819021559976,0.6480960760012986,29,2.41715504632547
0.6347724028602553,2.4421819021559976,0.6480960760012986,29,-0.03253787070678265
2.081716230767933,2.4421819021559976,0.6480960760012986,29,2.4192402735856415
-2.396050418174669,2.4421819021559976,0.6480960760012986,29,-0.2376047905074017
4.296098922945934,2.4421819021559976,0.6480960760012986,29,-1.1845586550355724
1.0541712451222818,0.492187542779537,1.1487332869640523,30,-0.04647292669699243
4.438320327999676,0.492187542779537,1.1487332869640523,30,-0.07257538691961071
0.3662820754374083,0.492187542779537,1.1487332869640523,30,-0.34700201421449983
3.621604783533396,0.492187542779537,1.1487332869640523,30,0.305147955936759
-4.110766230726322,0.492187542779537,1.1487332869640523,30,0.4203435405969037
2.561114716805837,0.492187542779537,1.1487332869640523,30,0.48602465525442595
2.8287231099793875,0.492187542779537,1.1487332869640523,30,0.4892562269942525
-3.4747881326676398,0.492187542779537,1.1487332869640523,30,0.49024530988791426
-4.0473582939285535,0.492187542779537,1.1487332869640523,30,0.435723326625775
-2.152817128540978,0.492187542779537,1.1487332869640523,30,0.0783939130371767
4.92064961753195,2.3167918666480074,0.9793066970592693,31,-1.66156160473782
0.3793765921810346,2.3167918666480074,0.9793066970592693,31,-1.3080254381124632
-1.567554083552476,2.3167918666480074,0.9793066970592693,31,-1.2980676356392464
-0.2649146770887789,2.3167918666480074,0.9793066970592693,31,-2.194341667042673
-0.6239519627904455,2.3167918666480074,0.9793066970592693,31,-2.315571252656463
1.310383142948175,2.3167918666480074,0.9793066970592693,31,0.7530991532413737
2.8926127811717173,2.3167918666480074,0.9793066970592693,31,2.1822203753197984
-3.480589548334051,2.3167918666480074,0.9793066970592693,31,2.243332650888345
-3.8697934834637024,2.3167918666480074,0.9793066970592693,31,2.295175201331504
3.1800156400302573,2.3167918666480074,0.9793066970592693,31,1.8721508245722551
1.2376490610749133,4.659951727991969,0.4673144470734197,32,3.2450758539357683
-2.640491208195778,4.659951727991969,0.4673144470734197,32,-0.15741582725020836
-4.330844307074459,4.659951727991969,0.4673144470734197,32,4.642821872627714
3.983639650221839,4.659951727991969,0.4673144470734197,32,-1.7056525464319323
2.767507738931565,4.659951727991969,0.4673144470734197,32,3.4743500918582195
2.234789703227169,4.659951727991969,0.4673144470734197,32,4.57011236339561
4.827243880609332,4.659951727991969,0.4673144470734197,32,-4.373488181575642
4.184389509833968,4.659951727991969,0.4673144470734197,32,-2.536130084822472
0.9309908904783359,4.659951727991969,0.4673144470734197,32,2.084113947702063
3.524423182461897,4.659951727991969,0.4673144470734197,32,0.3932228173602886
2.9205195102062724,2.263183840670819,0.47957101065406915,33,1.459097773846071
-2.2169391381261807,2.263183840670819,0.47957101065406915,33,-0.9743738541397879
1.080461602789021,2.263183840670819,0.47957101065406915,33,1.279552739324846
2.6714663861961494,2.263183840670819,0.47957101065406915,33,1.840510221785189
3.182221934861472,2.263183840670819,0.47957101065406915,33,0.9618118396601342
2.233149294181109,2.263183840670819,0.47957101065406915,33,2.225483348074313
-4.936840646380944,2.263183840670819,0.47957101065406915,33,1.7250994950676601
-0.5229540917687112,2.263183840670819,0.47957101065406915,33,-1.9074851645070454
-1.8061709684572325,2.263183840670819,0.47957101065406915,33,-1.708995459340961
-3.444179435572355,2.263183840670819,0.47957101065406915,33,1.5951186419593648
-4.708679586203831,3.3575080997552424,1.2069559777012686,34,1.2064530745014026
2.924969445528168,3.3575080997552424,1.2069559777012686,34,3.3211903173186865
1.5122506676512506,3.3575080997552424,1.2069559777012686,34,1.0091804832399953
0.372059834186512,3.3575080997552424,1.2069559777012686,34,-2.488674990042588
-0.5346266348768616,3.3575080997552424,1.2069559777012686,34,-3.308661180235633
-1.108480784851813,3.3575080997552424,1.2069559777012686,34,-2.468881901305885
2.591515987110377,3.3575080997552424,1.2069559777012686,34,3.2994503490096405
-2.4794754059592017,3.3575080997552424,1.2069559777012686,34,1.7401298937170666
3.466237917840836,3.3575080997552424,1.2069559777012686,34,2.5926982866954433
-3.24693753690811,3.3575080997552424,1.2069559777012686,34,3.245957145042429
-4.29420886565222,1.6675350692907394,0.7423600422278734,35,1.5806769429720589
0.16671177888167144,1.6675350692907394,0.7423600422278734,35,-0.9077705631923312
-2.682427132621936,1.6675350692907394,0.7423600422278734,35,0.4659498949568521
-2.5061748146432516,1.6675350692907394,0.7423600422278734,35,0.1779901530713581
-4.469792026925461,1.6675350692907394,0.7423600422278734,35,1.463589057872486
4.160450995531802,1.6675350692907394,0.7423600422278734,35,-0.45521811907357423
-1.973437179427675,1.6675350692907394,0.7423600422278734,35,-0.6887675571875312
-3.0164814522773877,1.6675350692907394,0.7423600422278734,35,0.9651590517059573
1.915365268018797,1.6675350692907394,0.7423600422278734,35,1.537332150241836
4.9054118871020425,1.6675350692907394,0.7423600422278734,35,-1.4221919778158822
3.386763984255957,1.1527092076743817,1.1836695442613452,36,0.9298576130923377
-0.35284311965466664,1.1527092076743817,1.1836695442613452,36,-1.152031844378481
-1.5573731826169257,1.1527092076743817,1.1836695442613452,36,-0.4494699066183451
-4.764259966318722,1.1527092076743817,1.1836695442613452,36,0.3792537048812724
-3.9440777899642674,1.1527092076743817,1.1836695442613452,36,1.054696392201254
1.1117411563450785,1.1527092076743817,1.1836695442613452,36,-0.08284103955341965
3.017165343818462,1.1527092076743817,1.1836695442613452,36,1.113162608770328
0.5693579415835259,1.1527092076743817,1.1836695442613452,36,-0.6644171159081257
-4.346475779211151,1.1527092076743817,1.1836695442613452,36,0.7882916370990134
2.4723473113546834,1.1527092076743817,1.1836695442613452,36,1.1071400837189487
-1.807016690623854,1.109962112389564,1.4519905263458481,37,0.13002647418117275
1.5508959745713256,1.109962112389564,1.4519905263458481,37,0.10960240238615983
1.2462876373966383,1.109962112389564,1.4519905263458481,37,-0.22671562284166977
2.5447057311849406,1.109962112389564,1.4519905263458481,37,0.9855124801174238
2.6379546858467116,1.109962112389564,1.4519905263458481,37,1.0287810937404147
2.9587169410268572,1.109962112389564,1.4519905263458481,37,1.1076847200928337
0.8489401190840438,1.109962112389564,1.4519905263458481,37,-0.6295232837581285
3.508400196892424,1.109962112389564,1.4519905263458481,37,0.9816381014006054
-3.312654031143599,1.109962112389564,1.4519905263458481,37,1.1084470007719316
4.130820308044539,1.109962112389564,1.4519905263458481,37,0.49551160341980205
-0.8669357179092243,2.8253640765196235,0.3553003060475394,38,-2.655461960936866
2.9000736852524875,2.8253640765196235,0.3553003060475394,38,1.5878954528966749
1.674746734594211,2.8253640765196235,0.3553003060475394,38,2.7365842683589916
2.270452930159105,2.8253640765196235,0.3553003060475394,38,2.659495302604297
-1.8476481806375569,2.8253640765196235,0.3553003060475394,38,-2.2793842360896095
-1.0483656587302912,2.8253640765196235,0.3553003060475394,38,-2.7859960193506703
4.492749391361507,2.8253640765196235,0.3553003060475394,38,-2.3711161333722566
1.9621230084131884,2.8253640765196235,0.3553003060475394,38,2.823530755175843
-1.720294456563367,2.8253640765196235,0.3553003060475394,38,-2.4729619950643347
4.840708779997673,2.8253640765196235,0.3553003060475394,38,-2.7528944259880475
-1.3745464812010133,3.2819792663838174,1.5497040016818853,39,-0.7077098830437623
0.32852578370492136,3.2819792663838174,1.5497040016818853,39,-3.083431316180551
-3.00827432646663,3.2819792663838174,1.5497040016818853,39,3.2429314019768913
1.598178542100964,3.2819792663838174,1.5497040016818853,39,0.15903013852340603
-4.095344031705538,3.2819792663838174,1.5497040016818853,39,1.9550761037413706
-0.949005705058358,3.2819792663838174,1.5497040016818853,39,-1.9675641479504873
-0.4339740538827588,3.2819792663838174,1.5497040016818853,39,-3.0061890755671064
-4.741810254569736,3.2819792663838174,1.5497040016818853,39,-0.027335122116711547
4.461643543432407,3.2819792663838174,1.5497040016818853,39,0.7471089609740185
0.6956200502870002,3.2819792663838174,1.5497040016818853,39,-2.474512173182255
4.596063518926794,0.923751714640018,1.1734410843214222,40,-0.2561980841901873
3.1024071347779945,0.923751714640018,1.1734410843214222,40,0.8651304446172519
1.5828932941357916,0.923751714640018,1.1734410843214222,40,0.367751911548251
-2.8304844667905513,0.923751714640018,1.1734410843214222,40,0.7014624751685891
4.947104040138834,0.923751714640018,1.1734410843214222,40,-0.5457676212608396
4.399270841235845,0.923751714640018,1.1734410843214222,40,-0.07772217448616578
-2.4359514800497726,0.923751714640018,1.1734410843214222,40,0.4165415051218684
-0.34374176750543217,0.923751714640018,1.1734410843214222,40,-0.9224244144846246
-2.141147933561064,0.923751714640018,1.1734410843214222,40,0.1590097761659212
-1.3427524090712328,0.923751714640018,1.1734410843214222,40,-0.5407835883531539
4.21424738349036,3.0295356627562,0.28162468089305537,41,-2.1542358286171557
-1.645259045613571,3.0295356627562,0.28162468089305537,41,-2.8394867251521374
-2.3780294738826235,3.0295356627562,0.28162468089305537,41,-1.4041829494147773
-3.9914294924687055,3.0295356627562,0.28162468089305537,41,2.741835187402524
2.7576421062505734,3.0295356627562,0.28162468089305537,41,1.8707736790434508
2.359615018392076,3.0295356627562,0.28162468089305537,41,2.648150114972409
3.0965247270471785,3.0295356627562,0.28162468089305537,41,0.9722153433851023
2.6166731577516007,3.0295356627562,0.28162468089305537,41,2.1870220052281457
0.40671271240092377,3.0295356627562,0.28162468089305537,41,0.37797116332387376
-2.810635106703707,3.0295356627562,0.28162468089305537,41,-0.1493950617461059
-0.8246024916656305,4.507196949298346,0.20047629090780547,42,-3.852549501448053
-1.7537530646699286,4.507196949298346,0.20047629090780547,42,-4.179910380795878
3.0470222939376335,4.507196949298346,0.20047629090780547,42,1.3106229444298596
-4.03832794103871,4.507196949298346,0.20047629090780547,42,4.011130705356834
-0.8523990293428785,4.507196949298346,0.20047629090780547,42,-3.9160794848337264
2.683976330983975,4.507196949298346,0.20047629090780547,42,2.756641845242027
-4.673216444559066,4.507196949298346,0.20047629090780547,42,4.448687819933105
-1.9690372929227182,4.507196949298346,0.20047629090780547,42,-3.723211627222803
3.802913009863385,4.507196949298346,0.20047629090780547,42,-2.0043697543702574
-1.7138292656130716,4.507196949298346,0.20047629090780547,42,-4.243880104436522
-1.7590528283796858,3.447505608878162,1.0832941109272813,43,-1.0163230193560837
4.827165803233223,3.447505608878162,1.0832941109272813,43,-1.9530876939708808
-4.1471112017416605,3.447505608878162,1.0832941109272813,43,2.9952036178777774
1.768676463210781,3.447505608878162,1.0832941109272813,43,2.1821644058121
-2.010792024462474,3.447505608878162,1.0832941109272813,43,-0.1637173902766715
4.942583292487242,3.447505608878162,1.0832941109272813,43,-2.267256065173299
3.79117843426606,3.447505608878162,1.0832941109272813,43,1.4487751841301117
-1.6671772090990022,3.447505608878162,1.0832941109272813,43,-1.3142763856991178
-0.034115288315018866,3.447505608878162,1.0832941109272813,43,-3.099199786396833
0.5346123708868911,3.447505608878162,1.0832941109272813,43,-1.79809111328105
4.441663334649057,3.451152964635897,0.4928950856707176,44,-2.4928950148139126
-0.2995255923041329,3.451152964635897,0.4928950856707176,44,-2.4574106289333186
-1.3653159598861353,3.451152964635897,0.4928950856707176,44,-3.3095864605976133
-2.8636870030709796,3.451152964635897,0.4928950856707176,44,0.7362589881913164
-1.6527543162403457,3.451152964635897,0.4928950856707176,44,-2.8964567281419202
-1.5175009065952292,3.451152964635897,0.4928950856707176,44,-3.1230246192028805
2.5577371824082658,3.451152964635897,0.4928950856707176,44,3.0384696101976503
0.6178185034417814,3.451152964635897,0.4928950856707176,44,0.43000933962274507
2.8540314677267284,3.451152964635897,0.4928950856707176,44,2.4282440490006234
-4.1091217657153765,3.451152964635897,0.4928950856707176,44,3.4301533112427114
4.526645014753665,3.0058657894839382,0.7176881941931829,45,-1.860383869200967
-3.3469327479490616,3.0058657894839382,0.7176881941931829,45,2.3969752738745362
4.119240450265352,3.0058657894839382,0.7176881941931829,45,-0.772632287176251
-1.2404131074258484,3.0058657894839382,0.7176881941931829,45,-2.78322226358018
4.883509888792082,3.0058657894839382,0.7176881941931829,45,-2.5679524191471854
0.4153752699374955,3.0058657894839382,0.7176881941931829,45,-0.8949335213518512
2.473290503941846,3.0058657894839382,0.7176881941931829,45,2.9546816690354682
-4.0273720177619765,3.0058657894839382,0.7176881941931829,45,3.004261687519844
3.1872432555067647,3.0058657894839382,0.7176881941931829,45,1.8713973512240232
-4.5208474383969675,3.0058657894839382,0.7176881941931829,45,2.599318401220597
-2.452002843467884,3.875944659975963,1.5050320144004619,46,2.821799422522311
-0.034924777980992694,3.875944659975963,1.5050320144004619,46,-3.874101645370994
2.6028705703390553,3.875944659975963,1.5050320144004619,46,3.4504622783159498
3.5865185704529488,3.875944659975963,1.5050320144004619,46,3.381402592342884
2.1704260537338556,3.875944659975963,1.5050320144004619,46,2.3928887027383507
-0.3328729342324426,3.875944659975963,1.5050320144004619,46,-3.7384962521096594
0.445574662252076,3.875944659975963,1.5050320144004619,46,-3.3801728441495498
1.2815282792275813,3.875944659975963,1.5050320144004619,46,-0.8590936874070628
1.3933016923113852,3.875944659975963,1.5050320144004619,46,-0.4321600770466568
-3.739492628466603,3.875944659975963,1.5050320144004619,46,3.3400001760249594
0.16663410395234912,3.3410216336683476,1.2609419358344647,47,-2.9688685440332674
-4.213233722018637,3.3410216336683476,1.2609419358344647,47,2.4175765315291824
-3.413602469742163,3.3410216336683476,1.2609419358344647,47,3.338629393830248
4.84326630790957,3.3410216336683476,1.2609419358344647,47,-1.42528442114708
-0.6266983573518061,3.3410216336683476,1.2609419358344647,47,-3.1747171755124577
-0.9587588605633872,3.3410216336683476,1.2609419358344647,47,-2.661946694322395
1.1292228879455628,3.3410216336683476,1.2609419358344647,47,-0.43880474516924545
1.981196162047775,3.3410216336683476,1.2609419358344647,47,2.2036569479680916
0.9084160654381543,3.3410216336683476,1.2609419358344647,47,-1.153552684561053
2.5425127282282576,3.3410216336683476,1.2609419358344647,47,3.2022524614049623
-0.7482431003891126,2.907140317018228,0.870512553169092,48,-2.9037976054101726
3.743603457237942,2.907140317018228,0.870512553169092,48,0.7712270206589243
4.327812845691085,2.907140317018228,0.870512553169092,48,-0.9026357124112387
0.3212194955683785,2.907140317018228,0.870512553169092,48,-1.5177726448688342
3.7583348728350625,2.907140317018228,0.870512553169092,48,0.7298530294887388
3.5817970356539437,2.907140317018228,0.870512553169092,48,1.212716198534379
-1.2970567216306659,2.907140317018228,0.870512553169092,48,-2.4046511280423455
1.95552919358542,2.907140317018228,0.870512553169092,48,2.5708166956110032
2.4713796758097732,2.907140317018228,0.870512553169092,48,2.905826021228919
-4.0773540296764885,2.907140317018228,0.870512553169092,48,2.826912035567627
-4.556335300218002,2.823434023612186,1.2430496271083047,49,1.3133111609206147
-1.3719059824254032,2.823434023612186,1.2430496271083047,49,-1.4191395540356777
-0.2566026688597143,2.823434023612186,1.2430496271083047,49,-2.8162916692327573
-1.0418234988773003,2.823434023612186,1.2430496271083047,49,-2.1336639695741217
4.987212370490671,2.823434023612186,1.2430496271083047,49,-1.6002145292622902
4.181655921794796,2.823434023612186,1.2430496271083047,49,0.5691909474106533
-2.5324938573384492,2.823434023612186,1.2430496271083047,49,1.6724118231730178
-4.668110423491228,2.823434023612186,1.2430496271083047,49,1.0263264305637214
3.0982285044724662,2.823434023612186,1.2430496271083047,49,2.7100309943212637
1.81261366285257,2.823434023612186,1.2430496271083047,49,1.5225790322229849
3.456854753088612,4.582208850259512,0.2016302298307821,50,-0.5195651505243014
-3.96154536746863,4.582208850259512,0.2016302298307821,50,3.9083281975794106
4.6729837811241115,4.582208850259512,0.2016302298307821,50,-4.449743286687382
1.9679115817694566,4.582208850259512,0.2016302298307821,50,4.494934141678114
4.312043477104293,4.582208850259512,0.2016302298307821,50,-3.7767409475958367
-4.536174791975264,4.582208850259512,0.2016302298307821,50,4.580728933376771
2.8965215033915905,4.582208850259512,0.2016302298307821,50,1.9794818742845064
0.9019097282948749,4.582208850259512,0.2016302298307821,50,2.9529194215825645
-2.105857403934346,4.582208850259512,0.2016302298307821,50,-3.3940215863471126
-1.0692851589182037,4.582208850259512,0.2016302298307821,50,-4.377712510414968
2.451022288785497,0.8387631412306447,0.8971785544464173,51,0.8386426178835777
-0.7496489424478305,0.8387631412306447,0.8971785544464173,51,-0.836339973547961
0.955027955228128,0.8387631412306447,0.8971785544464173,51,0.048494886101215655
1.2308921395258619,0.8387631412306447,0.8971785544464173,51,0.2747402174849771
-0.4448888222489442,0.8387631412306447,0.8971785544464173,51,-0.8169178732963995
3.336315402618583,0.8387631412306447,0.8971785544464173,51,0.5419198718098329
-1.890183479590548,0.8387631412306447,0.8971785544464173,51,-0.29094081088013407
2.5362230451409804,0.8387631412306447,0.8971785544464173,51,0.8368104988672039
-3.5305680595739797,0.8387631412306447,0.8971785544464173,51,0.8050131095996242
-4.167623124061144,0.8387631412306447,0.8971785544464173,51,0.7872149986200763
2.0028053973849254,1.1779243088056095,0.7682261472652906,52,1.111971705962765
-2.8201018930569166,1.1779243088056095,0.7682261472652906,52,0.5088911120929774
3.417226412672017,1.1779243088056095,0.7682261472652906,52,0.5570541325410814
3.78911268292792,1.1779243088056095,0.7682261472652906,52,0.141837655832522
3.3820776637527654,1.1779243088056095,0.7682261472652906,52,0.5931827635102689
-3.3665484033418016,1.1779243088056095,0.7682261472652906,52,0.9868268425249064
-2.9115349745685193,1.1779243088056095,0.7682261472652906,52,0.6037618422026572
3.515813509661367,1.1779243088056095,0.7682261472652906,52,0.4521932283596137
1.0767430001054947,1.1779243088056095,0.7682261472652906,52,0.357671828700715
3.204259046866225,1.1779243088056095,0.7682261472652906,52,0.7638368480506866
-3.7754455367748783,1.026633156266228,1.5555026982430267,53,0.836413160245508
2.9216622183156415,1.026633156266228,1.5555026982430267,53,1.0052123057450435
-2.2929192026651335,1.026633156266228,1.5555026982430267,53,0.6667221824622361
3.52542703857884,1.026633156266228,1.5555026982430267,53,0.9459400071237526
3.851037993249678,1.026633156266228,1.5555026982430267,53,0.7686120074695482
3.355869885260212,1.026633156266228,1.5555026982430267,53,0.9996985520661126
0.48023749411455263,1.026633156266228,1.5555026982430267,53,-0.9031459069608551
-2.9945124693465686,1.026633156266228,1.5555026982430267,53,1.013129142629931
1.3225036286425969,1.026633156266228,1.5555026982430267,53,-0.23704609206989252
-3.607823363760266,1.026633156266228,1.5555026982430267,53,0.9240099910862675
-4.658847768546782,1.4685337641654082,1.1963609038996605,54,0.6094867145110165
4.566339639565879,1.4685337641654082,1.1963609038996605,54,-0.33248457589022223
4.442605816650106,1.4685337641654082,1.1963609038996605,54,-0.15340500017079242
-1.4887879627757683,1.4685337641654082,1.1963609038996605,54,-0.6472691103960907
1.1570950808665117,1.4685337641654082,1.1963609038996605,54,-0.057648370480550465
-4.275790924072298,1.4685337641654082,1.1963609038996605,54,1.0646860534609734
4.5141857051294245,1.4685337641654082,1.1963609038996605,54,-0.25746529797466755
-4.212873874640602,1.4685337641654082,1.1963609038996605,54,1.1261750337736736
-1.6152466254120479,1.4685337641654082,1.1963609038996605,54,-0.4758474614197032
2.6466595088240616,1.4685337641654082,1.1963609038996605,54,1.4578853223095405
2.616737919134616,2.7569223829233738,0.6828968784798526,55,2.577225942383676
-0.6205916786411949,2.7569223829233738,0.6828968784798526,55,-2.659011677311453
2.8121964876930425,2.7569223829233738,0.6828968784798526,55,2.3380058142517774
-0.8756742903585515,2.7569223829233738,0.6828968784798526,55,-2.756716368278907
-2.0949199422332834,2.7569223829233738,0.6828968784798526,55,-0.980928157133155
3.947453302064382,2.7569223829233738,0.6828968784798526,55,-0.338147926431716
-1.9182400169777858,2.7569223829233738,0.6828968784798526,55,-1.4185105782121281
-1.7679724817416953,2.7569223829233738,0.6828968784798526,55,-1.7564210597240968
4.311943407145474,2.7569223829233738,0.6828968784798526,55,-1.2912813381926351
2.9172792463263875,2.7569223829233738,0.6828968784798526,55,2.1718717334600637
-0.4917001309811848,1.7447175595426148,0.8991348468813092,56,-1.7165414382649495
-2.2169307659129056,1.7447175595426148,0.8991348468813092,56,-0.04453263948558184
-3.5424291491123903,1.7447175595426148,0.8991348468813092,56,1.6811235102641675
-4.630556282692341,1.7447175595426148,0.8991348468813092,56,1.1937204784115028
-0.9107541349548622,1.7447175595426148,0.8991348468813092,56,-1.6950860209989767
0.504602997175204,1.7447175595426148,0.8991348468813092,56,-0.6706276361263781
-2.2834988392006528,1.7447175595426148,0.8991348468813092,56,0.07158491023214676
1.948354810329608,1.7447175595426148,0.8991348468813092,56,1.5127309068277348
-2.666720522576452,1.7447175595426148,0.8991348468813092,56,0.7182111956373483
0.970148022463384,1.7447175595426148,0.8991348468813092,56,0.12379382709813153
-4.001044106982269,4.461873183467854,0.21089528420627007,57,3.914699971058724
4.00925309425123,4.461873183467854,0.21089528420627007,57,-2.7242330242518
-4.596463241684582,4.461873183467854,0.21089528420627007,57,4.44176700629127
4.301905245148083,4.461873183467854,0.21089528420627007,57,-3.627843893511592
4.24870331813603,4.461873183467854,0.21089528420627007,57,-3.4845835138825474
-0.519684295592663,4.461873183467854,0.21089528420627007,57,-2.977414271052571
0.2658412767286471,4.461873183467854,0.21089528420627007,57,0.24503870928586818
1.534106448807531,4.461873183467854,0.21089528420627007,57,4.325817447286953
1.80501093642627,4.461873183467854,0.21089528420627007,57,4.460660075339983
3.084024411011324,4.461873183467854,0.21089528420627007,57,1.1835132641053612
3.498903484456841,1.715376364953369,0.4781412198793206,58,0.20676560611045106
-2.5463494383636665,1.715376364953369,0.4781412198793206,58,-0.20041521637019796
-0.6840923255056888,1.715376364953369,0.4781412198793206,58,-1.5741884779198307
0.404003838344444,1.715376364953369,0.4781412198793206,58,-0.12705704567216308
-3.714849204666135,1.715376364953369,0.4781412198793206,58,1.4891488733729972
1.9906496042693682,1.715376364953369,0.4781412198793206,58,1.7124632078032445
-2.9398980268018815,1.715376364953369,0.4781412198793206,58,0.4681929209631018
-3.0137487793317916,1.715376364953369,0.4781412198793206,58,0.5886779046118297
-4.856738037747318,1.715376364953369,0.4781412198793206,58,1.3936214977636858
-0.9150326163228764,1.715376364953369,0.4781412198793206,58,-1.6883875874398162
4.334039813082068,0.6465066202462524,1.2796732114130096,59,0.05632073827779738
-4.587436558014527,0.6465066202462524,1.2796732114130096,59,0.26130112738810723
1.7179455962220649,0.6465066202462524,1.2796732114130096,59,0.27436174315130685
0.25559725224055274,0.6465066202462524,1.2796732114130096,59,-0.5522680371448577
4.58836475350925,0.6465066202462524,1.2796732114130096,59,-0.10752850025740576
-4.859133865449224,0.6465066202462524,1.2796732114130096,59,0.09301753453302321
2.695657262777317,0.6465066202462524,1.2796732114130096,59,0.6387747206380866
-3.5592012452911748,0.6465066202462524,1.2796732114130096,59,0.641341918854638
-4.015818228986753,0.6465066202462524,1.2796732114130096,59,0.5396768349513844
-0.9248357372667666,0.6465066202462524,1.2796732114130096,59,-0.5209774508365281
2.5766015404946954,2.3636377231501737,1.3116749797215665,60,2.2539304402568905
-1.970864174138498,2.3636377231501737,1.3116749797215665,60,0.332044516836869
0.3383780101159335,2.3636377231501737,1.3116749797215665,60,-1.9541256743442699
4.322291523496547,2.3636377231501737,1.3116749797215665,60,0.30869570520421813
-4.264592414165005,2.3636377231501737,1.3116749797215665,60,1.5351669633738454
-0.1496635214525721,2.3636377231501737,1.3116749797215665,60,-2.3494924642904538
-1.5111827344461282,2.3636377231501737,1.3116749797215665,60,-0.7406824434652043
0.24735633502974785,2.3636377231501737,1.3116749797215665,60,-2.0669033475282457
-2.414760348443629,2.3636377231501737,1.3116749797215665,60,1.3048892501911813
-3.256349057978023,2.3636377231501737,1.3116749797215665,60,2.339049904462811
-2.210396280641209,3.4156677575065135,1.1847525733622903,61,0.856813542942118
1.4327406183409739,3.4156677575065135,1.1847525733622903,61,0.8383894900567276
1.2719960101699233,3.4156677575065135,1.1847525733622903,61,0.2976167111313054
4.086433203192847,3.4156677575065135,1.1847525733622903,61,0.8116213090811499
-0.06990668942565392,3.4156677575065135,1.1847525733622903,61,-3.246399160838985
4.303182157360149,3.4156677575065135,1.1847525733622903,61,0.07911027538364458
0.5008524851452956,3.4156677575065135,1.1847525733622903,61,-2.1580900592330057
4.467330260442665,3.4156677575065135,1.1847525733622903,61,-0.47996431408923057
-0.4894236706136734,3.4156677575065135,1.1847525733622903,61,-3.397431691322022
-1.4929588019864903,3.4156677575065135,1.1847525733622903,61,-1.5282468921371253
4.676190368397105,0.621857551770529,0.8590648120705944,62,-0.3888557784554493
-3.8780517241664834,0.621857551770529,0.8590648120705944,62,0.6216674434300653
-3.4498209893441665,0.621857551770529,0.8590648120705944,62,0.5719168825090578
2.7835847029066585,0.621857551770529,0.8590648120705944,62,0.5833579786778579
-3.3071954049873975,0.621857551770529,0.8590648120705944,62,0.5314031316004075
2.2504176959813247,0.621857551770529,0.8590648120705944,62,0.6118724973632286
1.2024043147290282,0.621857551770529,0.8590648120705944,62,0.20933812049038836
3.435293889727948,0.621857551770529,0.8590648120705944,62,0.33314330161047934
2.2835082799863073,0.621857551770529,0.8590648120705944,62,0.6152095976395513
3.0104040606160165,0.621857551770529,0.8590648120705944,62,0.51997551513414
4.553614695271081,3.0771585916034954,1.5016505652414371,63,0.2754320652887811
0.6667766127396257,3.0771585916034954,1.5016505652414371,63,-2.2808265834270283
2.3618520943454344,3.0771585916034954,1.5016505652414371,63,2.332406306760553
-1.483790853472009,3.0771585916034954,1.5016505652414371,63,-0.4785517960814502
4.237615395219583,3.0771585916034954,1.5016505652414371,63,1.2142336003630154
-1.2238600777967945,3.0771585916034954,1.5016505652414371,63,-1.2437255277995898
-1.1022948862107604,3.0771585916034954,1.5016505652414371,63,-1.5758638581148
-0.8022815008500022,3.0771585916034954,1.5016505652414371,63,-2.2865738149469217
3.2535458683552587,3.0771585916034954,1.5016505652414371,63,3.0268358153036647
4.824001920954684,3.0771585916034954,1.5016505652414371,63,-0.5531991587277614
